{"file_hashes":[{"block_hashes":["F2+2hHw4IBiT97P+1+/eXvOO/nIP+YFL+ZJ9Ekk9/MQ=","7t1WnGv3aM+K5hM2lz1sWMaveDt//75qSdvNcbacAxs="],"block_size":4096,"path":"_locales/sp/messages.json"},{"block_hashes":["4f+eGsmU+QnpiqYKPXt812Y4j2gvpBoeDE17lDye1KQ="],"block_size":4096,"path":"background/action_icon.js"},{"block_hashes":["kGsmcSfLVzZcFGZFElcC/yToGaRz/THgFN6z+jCa8mk=","m025BH4neopSOIJz1XymqrDPHnVtJ8go5z2t6lhTJJQ=","NgVgHtXn66qQGnSDvlcLKHhTz9jdi3vtoJGX86TTzFo=","1hcUlTZUCzE1Wx5fXicokeDNavviWe2qsl2QA1xWs+M=","CDhuOlXxTDz8y6xIxq8EbMvKN/0FHgcBLJ+MNhjlZ7M="],"block_size":4096,"path":"background/all_commands.js"},{"block_hashes":["wGCJhEdlKVPHNkuDd3GAIebEfgbTLx6bdeUIQBCllVo=","GrsumvPHnPKpN7p2N8LP64bxFEc0ie1rMZvtLkOv1w8="],"block_size":4096,"path":"background/browser.js"},{"block_hashes":["wmHRkaSw9lbh/feReGgsvHN0jCuLAlf4oOfURD3qFOA=","eedT8fd/9fEATI6QTpKLb/0gL0mZFTUI3oYCMEo/lSg=","YmcRHx6qEcBHEwtFmj5U2Cg2MBvM0+Anc2hKpWXLSvk="],"block_size":4096,"path":"background/browsing_data_manager.js"},{"block_hashes":["n2OEieOFQjgcoosVMaVrMRIMjDpGJCb2imxym0VhX50=","/sqDC/OJMlBnpWMA5kUARYRLgOhy7RN66FUGLPcOm4Y=","OYWculivbJv+8+zIbZ6VKB28zv2cgCweizMVrdgjEpU="],"block_size":4096,"path":"background/clipboard.js"},{"block_hashes":["H79Av7m8KYy+FiE53ForQ/KlbkVw4Ys4yCe2O8ZwHgA=","pJF0FEdTQppUjq/ynWQwVpYZdFoQkUc6CTTbzSmf0IA=","H2wdrAL2gbjfMBq9vufVcetjPl9ZnTcKb5zvaiHXONQ=","fDoKNtcjmeffBRa9CNNqGyV06DbT4w7jQgUt60BUNPc="],"block_size":4096,"path":"background/completion.js"},{"block_hashes":["/7GOr8nIk+tW7gQ9N0MA8ubPiwZVObh0eHuJzmNQ1ro=","esG2GsJir1s0d9v4HBpx52s/aBWQHNgPJHW3C9zl+90="],"block_size":4096,"path":"background/completion_utils.js"},{"block_hashes":["63xvUJqaDjhctdY09smmzuK/uiYdPG7uVtjJt9TvaY0="],"block_size":4096,"path":"background/define.js"},{"block_hashes":["kU3XhWGY8vgTBKOsa2FMFN51syiUXUdJ/fFINVRRI4M=","kXDam1s+GtDOfA6WLj7Ucxr9a+P2Bl59gVR7KQaRAzM="],"block_size":4096,"path":"background/eval_urls.js"},{"block_hashes":["Usk7oNdaU5jTl3vvGn+TcnMAafAWjk3oq1I+wSTKBNo="],"block_size":4096,"path":"background/exclusions.js"},{"block_hashes":["a/PbPlTOqLXFVXgCnO5Qk69WR33kf0IcWs1a4ejbkFI=","pKaUk6AxO8KyZNzfpT0AaO37DakJ9US6m3/wThyuEhI=","lAdpdEejW0MeJ3foEgTKjn0vX9AX3tyLL3NsX64e5UQ="],"block_size":4096,"path":"background/filter_tabs.js"},{"block_hashes":["XI202DG6XdNE2cHrG/us1UNxQpRiru0RxJoIThw/Vm4=","nMwsdaBNUxmklWkVMvnLmr16T4FH8TLIJRSeiHHYA+M=","9f5Kqh4A0zseVx/d7N8MwJaw8GY+snXk+KhFoGPeRFY="],"block_size":4096,"path":"background/frame_commands.js"},{"block_hashes":["YTmJe4rNCmj53M41k6472fcRLD84FzB2T3bVhU8ByBg=","f9F9PsOfXb1sNbd7FLWfSEHjbkmGjbafxZ3ZIenE5Q0="],"block_size":4096,"path":"background/help_dialog.js"},{"block_hashes":["TzQLKLBUosb+s7QYOAR35gBKD2JNWnOP88wbQvDkWMc="],"block_size":4096,"path":"background/i18n.js"},{"block_hashes":["aKgVxxP4MILJslh6s1keAPDaCplF5Tbx+98mbPpkN/k=","ytkeI42aWNc2n6FCIJZRAlXFbCiseUZoTSvpU148l8E=","EQ+ZLe/69o1dTyjdqgpreL3HAkOYbgGywMbVPcxwyzI=","k7BsL4cJ7AOZmiaxUWrCYXs1fTn9mFKImHJ3+KfMapE=","ZZ7/Xn2VHgFbeUC//QpkUzxfPiaFjfmvXQTQOSCCkP4="],"block_size":4096,"path":"background/key_mappings.js"},{"block_hashes":["N3hhl9AF08IxWofaFW7Tm0vb7xRjH5Tkkqx0AlNq84o="],"block_size":4096,"path":"background/main.js"},{"block_hashes":["NSQ700T7gUT0nhG4KylvbxgEi/gEghhZnqw8J7yrLNU=","+VWvjMF+CEB8T6NbAr+1Xq5lX5q0fjO6IRNhe1bJfis=","zRuBjMNHi2A4xLQ2gvlK5FlyKlzJl4EV/HvKJSVgpq0="],"block_size":4096,"path":"background/normalize_urls.js"},{"block_hashes":["FCKt+Qiv2iBNunUFiSwwu3cY41ZXt6XpVt7NV+/yc8g=","wCYkaUZd/rYbSr1LdDmdggDQKvP5K2S3520PiteeTg8=","ILku4fUsJS/XP66iJOJRE6oNb8YcZmdGakjh1xyGvj4=","HWtIkN2G0fJ7EVP9viXSNDrRRPAqt5XkXPnUaO+PMLA=","VmppaBrx8HPpJUCpiVpGiQEQFPQ9lKCw1w9IjkXAVmg="],"block_size":4096,"path":"background/open_urls.js"},{"block_hashes":["Hre9NyjE6kcSoIbgGcOAumFOt2nhNs645VAek6Cw/pY=","9G+iUw//BnhE8hPw9SQEDAXfBwUhziDLSHEVshBxNIE="],"block_size":4096,"path":"background/others.js"},{"block_hashes":["rzoZHZFL/++Hf4cGf6yXBROZ8ZIS7lPtMNvIHI044So=","xmitu6ajCNpTYNJkSaEt7qVgc8fsa7L7xC8Er1XG/OA="],"block_size":4096,"path":"background/page_handlers.js"},{"block_hashes":["wXAeFjGdYcxLRqlIb8JtN7wW5XQXSY56SbW9OHjTPzY=","csu3DhOV4UEYjeKBTeEo+s4Q9IXF23BgJANTdCQezmg=","nBBm3w8ZlQM+UgTP4vxY1KbMGqvKQ4ZCBNwYHe7/7+4="],"block_size":4096,"path":"background/parse_urls.js"},{"block_hashes":["8g0NH/+/RQrO/6yXPVmGMGXSQbFiI8RgpBeYcrwPO+E=","xHcC+qGWq60LCX50Ly/nAEzLDna95gCPwH/uGm2iZ2w=","Gh5XiudExCqov4dghvB5ilZoCXGQ/+Bj+/IbfnFurkM="],"block_size":4096,"path":"background/ports.js"},{"block_hashes":["UDLRvHNI7HdB16Boh/LA+kT68q8IXflmGWdUMBoZ7vc=","0TaX9HUoFaLbqaxa8aFYVa0AyGmU6O2cnhqq3xxA57k=","zCgIZxzvA0uvacvNACkdjG3BFjsJOo3l6y8SOCl0fw0="],"block_size":4096,"path":"background/request_handlers.js"},{"block_hashes":["JDz3zyGQgOSEw8jbXMyKy0QEte8Bf2uIedKPq697t9U=","2YunX3Aa1+TDH9Supn7y4oQjgqCbY/HMGzkkyrZB0ZU="],"block_size":4096,"path":"background/run_commands.js"},{"block_hashes":["gWDMukC8di6mr7z8dR9xDAKy3iWXfM0KVNhDY6vwuKI=","4tdbJGPXs/8+B8BtyG+r+UrV8GdhO6c+lp7UZrth27o=","Mfhgi6YeGCvUBmEU+LOq7HV9KOeGAFHD4KewgUUR0UE=","q/o/gkUTSoz+zE1IWRmghnzlHmslvMGI0VnjUMAcJsM="],"block_size":4096,"path":"background/run_keys.js"},{"block_hashes":["UbrfFfmWDSzk1gZmDMqCapYouigzkg11+NLxRLp/bgU=","ZlBvGJxBZPZGFEu6wo3zqPh6NndRANM/cD3oP3ikB38=","FOGrBLEIEG+XhnMNMzzBuFvz80TRqNp3hj1UfQOzAvI="],"block_size":4096,"path":"background/settings.js"},{"block_hashes":["QRe1mj1kdJ1xR3U2Bv4Y3OpUrxDpVZXMph5CuYlEi2o="],"block_size":4096,"path":"background/store.js"},{"block_hashes":["cmDGG114XqKiwssqoEPjmG673Y+aH8xpn9ddIArOFNs=","Fax294g31TwFeO/8Gfc2qJbTC36xX76SL3y0ip0I8so="],"block_size":4096,"path":"background/sync.js"},{"block_hashes":["rIP+hTt1ga7FY6eDHz3aPkd5qlWFxK3daM0LwUJrSMg=","T8at10lPlrt7MO5M6ftI8G6mD2vgg3WlZ7Ki23ISqhQ=","ZqolF1nFYxnBEVcav7aR+OWKTFXGQiXVRs9Rr2MVlcY=","vmib8Q9fOJSzFGU2N64uME3El5KFUS5pW4EvvVvP65Q=","ll+hGBEDnU4Sm6f+/1vg0uJbv7a9SAlzrlg9dwiikPY="],"block_size":4096,"path":"background/tab_commands.js"},{"block_hashes":["EXxaNQI6gfjVTiIgTviwi9gV5Y/cyS0GUvqtY9FLriQ=","Og/oEtrguVq9sUhaQ26q/QJkh7mzEa8JkJhQq+/QF48=","8gtEifDrnGgvLS86r43o9Cc4SaWUc7N38+zIVZA34fQ="],"block_size":4096,"path":"background/tools.js"},{"block_hashes":["l/XFrSfmAWhHFCJuykCzepeyg9HHBQAjhjb9iqgyf4s="],"block_size":4096,"path":"background/ui_css.js"},{"block_hashes":["H7zUYLW7fLzj60yK1HLjrbwa7ufyyyjLBjhpoc9PCX4=","jsi1fdiTJafpezphCJ7LNGmfBuOOue1bOGgm/3y4YIw=","EwYCFeB2S2/nMT9C+hvtq64fwHP0lKmGdDBIKN51ZKg="],"block_size":4096,"path":"background/utils.js"},{"block_hashes":["Q3EUHKChcvKUg02gHt/WgF1x0jHQER79/xps60M/zRA="],"block_size":4096,"path":"background/worker.js"},{"block_hashes":["wI4ENru3EPo4HBxFM9unKWquwWtchBDAyjTXDxKG68E="],"block_size":4096,"path":"content/extend_click_vc.js"},{"block_hashes":["WfP+pu58GK8/PejicH1cQwmHHs4n7+jrhxpdfnkQjrQ="],"block_size":4096,"path":"content/injected_end.js"},{"block_hashes":["awklz4zoEz9o9MEyO3KI8tqkAs3hbV7oPzwcWti0p2I=","KO5vxYmWdL2aPufzo0gwSrHZDSeqQFWLc608iz7Of68=","LJKDS+lR6cilXgifkFb4jXSicboQYkdm/0Rh7xccJEQ=","Oz3DZ44htDcqSFSe5TGrthC/togTs9Ae0mCVpIsATdA=","x67YjpAjupz1i1ftfjfzRMepHOkB6ynOE/m2rPTAtjs=","FKGvHLA2DG/2AtKVWZZwfmU/LoNqpl9TIHsNjtV5faY=","2Eh7sWumKchouPym7zoBjKopcrklaZA5Z9ojuu6gWfc=","7fDIavzsyzBU66uEmUG4GfVJuYtw8auZURwi7t8g4Ew=","PRR3ZS3b+qtsl2T6gz6Hhp5Ne+nkM5yiB0hM11H89Fg=","PhNXDIDdli5/DCxrbdbbGH8OE1TeDLuHDEoSBkW9mxY=","J2SDoVm3tF4sJmoItYK8vOg8g9hxvNsyO8iCpNlrREA=","+0EMm1dunCaGeGK4rqsWte/iHXZgmNdoDpov1iauTR8=","TuTIbPcXqPRaVtrh3XygJ+mR1acOdvX1I+KzSYFjrTI=","6LfzEnfjPeq77IpYSN31eM0NsDUcD3sAaRZy7B8s0DA=","x+iW8Ap9pX198GCYc/Qy+Rj9Sjj+wjCwPbWZ3EZox+Y=","yU+aLEruUZkRNQaWNNxT+n2cnfkcpg2QOgQfvzcVWzQ=","HCBmBJcd79NeInt+YjNFHlNlT7pYCEjmwdYCIFz28QM=","90hi7tCfcPJdkGJwvzlyUq0ErVXF5uH/0oPHjVXv6jc=","wSSxtX0Fnfw75D3xVXRaBtj3sf5eOJBexHYLNopuBtU=","arfbhtCd7SMgKyKUrhzqA4W6a+PmJIjkFv8iesFd0qk=","IdN6gHMr3kz3FhBWMJGNh5m4LZWQhYYXtRtNrSJAbhg=","PVuiWmPZWQkV4UnNYWuJejQS1s3vgG5E+vmCm2RzuaU=","/3F0KSrbblRDMkHhVFgdW9f3YLHXXajcZghtyYqz31g=","zw/ThK6Kl27DkeXRbZIb/qVG8e+HJZCT+rlHXMWcOrg=","eqdB+cS9Pvz5bRY6kPAzmUy/7sBCOrPZ76D27m3QfQ4="],"block_size":4096,"path":"content/vimium-c.js"},{"block_hashes":["DxEJzuy43wXmFFMBKz9FxYAcWmWK+8bHGUxgPyZMXGg=","+ki1x0SX+hWEx98HFrWVKkXp7CmRk/KyDl9AjIEzX94="],"block_size":4096,"path":"front/help_dialog.html"},{"block_hashes":["ezEDvJMNM/1yD4hHKTQhuv/pYP9cnxpUc1Z0zeHgSMs="],"block_size":4096,"path":"front/offscreen.html"},{"block_hashes":["3FriWIAyBoFsI2+2x89MjVWrj+7HV7ofM7VL+//N6Vg="],"block_size":4096,"path":"front/tee.js"},{"block_hashes":["PwqMgg6RSg4wqn9Bt6W/THlbv+JmtmDYXueCeFcwTbE="],"block_size":4096,"path":"front/vimium-c.css"},{"block_hashes":["ezEDvJMNM/1yD4hHKTQhuv/pYP9cnxpUc1Z0zeHgSMs="],"block_size":4096,"path":"front/vomnibar-tee.html"},{"block_hashes":["9LO6dLFsnRhBBvdcRS3S8Ti5fEbs6uUo95ElXTl1B+A=","U1MA4dCZ7efnAW2fqAykTiFkSVfd7KiEyUXWl8+6Cuo="],"block_size":4096,"path":"front/vomnibar.html"},{"block_hashes":["CW1IaVjw64n+d+Z/yJt36tG+NBgGrgTm1dlnrbZ93Fc=","ig4W/8//xRV/TQ2B88XBbbH0VZIpLpd+RJB/wP9Ols8=","Kknz8ZTvUqDPvcnWLmV2YNtXOlHF6g62nKAclA/+4ew=","BV6SMs8sQu0Ls5dmAtSEdrksNCGnZaQl6kNgRss5UHc=","lVDy87IW3SZNAF98SAchEW6rQOAAD536Fz/UbziHkCc=","jRe3MRZis5KPqcuXaVl+GIvOqfyLUpzLyn2LyeOueqs=","rDKjRfGWkdQIrMKFqDnmCU8NvuZzRjN+rLbdsUhgVws=","KGPIwDc6NFdrsR3cQXtOaBvnjDefqQdEyB2w0aIObIA="],"block_size":4096,"path":"front/vomnibar.js"},{"block_hashes":["eNtBI0OjuoFGvUu3q8QoQOpVWk1oJUoiWdxjkaU0TFg="],"block_size":4096,"path":"i18n/en/action.js"},{"block_hashes":["nLQjazEAvCLv/PyqgM23PhjqbV1Ef846hd+ubQiyGlo="],"block_size":4096,"path":"i18n/en/background.json"},{"block_hashes":["Tw2EY3SAKNjE4U1mGOoxG4XP5pkXaIxLi0KWRFEeWl0=","QKa7mH4g3Vxow7rXsdzbWyuJgyY2vL4WUO1FAGOhMmc="],"block_size":4096,"path":"i18n/en/help_dialog.json"},{"block_hashes":["xsM2u5Kq4kPMaLsPDuYg0T9gFHvQtfIm7Q2CK6r/oT8="],"block_size":4096,"path":"i18n/en/options.js"},{"block_hashes":["wReygR+hbeWqoJBpp55GYoWTtY2HVpnAQG+EcKqTjrk="],"block_size":4096,"path":"i18n/fr/action.js"},{"block_hashes":["DxyG/QAab/9V986yiBVudq564Hxu7bjqQNvAlKssNro=","b3fnWso/twlcXMCO1QkCj7Nt88jPlP9QoUaQPyvWt/Q="],"block_size":4096,"path":"i18n/fr/background.json"},{"block_hashes":["2u9hjzhpOHWeruvRkAOyOcmPAEoeLbmKEvfoF+11RLo=","GbWJnVO1XM42goHYn/W/yn0iiMfR1JOF5OMwC0Pq290=","2ZasBmm4yq9NHFVIH26NbHHruVUmvvUYqvsCDlOIeJ8="],"block_size":4096,"path":"i18n/fr/help_dialog.json"},{"block_hashes":["PVrubUeHHUVvNS3FHzdaFeZWmdLg/LejsEHBmP1Hw9s="],"block_size":4096,"path":"i18n/fr/options.js"},{"block_hashes":["6eTo06vTZ+VjVShlZRMuc82pkRe5OdIe4nZgnyRyZJc="],"block_size":4096,"path":"i18n/zh/action.js"},{"block_hashes":["NWlcfo7sHa6QQeUxUneUR6OZZbcfXzwRlh1kbOV00tw="],"block_size":4096,"path":"i18n/zh/background.json"},{"block_hashes":["9iwq1MSDr+wXP0BSva2Wwy/295eOq3QydJxuBL7RIt8=","8pP2n8+xaj+GN57HlxeUMsXenhRb2b/hIrAAmPX26uQ=","XYFCfOSJN37GuDCxeQwKT5MlTTs1Ht0q2TAufUSClpU="],"block_size":4096,"path":"i18n/zh/help_dialog.json"},{"block_hashes":["wfocVsMNFi2k0czJ6o34EFObmKomvRZ+AwP56EDB+uY=","lxeP8KH4HsC3Ff3svsiT+NFFRd0d65USjZ2JY2NaMu0=","/SKATs2dwLQ++PapLnpF5e1GZSn1Da4gALFdi1ptJBc=","UuidphZaC3ANfN8jXAaz5HNVuumuF0pHEBQ07m1KTfo="],"block_size":4096,"path":"i18n/zh/options.js"},{"block_hashes":["X+Q18nslL/hYjYVx802ooy6Af2M/7EU4GkQZLhr8yxY="],"block_size":4096,"path":"i18n/zh_TW/action.js"},{"block_hashes":["LKFCdAqGVEHLNeU9pGbLl1YeVRwKTtFgXfmKu1WK2Hw="],"block_size":4096,"path":"i18n/zh_TW/background.json"},{"block_hashes":["2eAGrmKoP8075j5SrdVprMnOE7k8TKVsF0+La038SFs=","Kv5X5N5UNE/LN5OvbYijv1d0pLwnq23K0SwefvPVzwg=","Xs0269xbYIujA84BcHoPl+T06qqD8oMg54LWEdWLTh4="],"block_size":4096,"path":"i18n/zh_TW/help_dialog.json"},{"block_hashes":["9+RNjMM+W6wqYzlQu+HaHAHr2mSxUNsoqLmqI0CZmiQ=","LQG1R0SJ9/1xl2mKbuMJtsZi1glAFzyiEu3AFn5xJac=","vSZNE/LAcMiXMc1uyL5qNASaesDW9wJhmHS2c/KRYlk=","bRCAkJ1XtiJXwy6fw9nDcZBcYi4QJJt3K5oijIkWdyk="],"block_size":4096,"path":"i18n/zh_TW/options.js"},{"block_hashes":["2ENW4RN/sFxOii83jYp8yO0ausrZB9KpjW2Y2vwU7so=","57TUkMcxzP78BoJYsZeWs0kIYexFOf/D7JKh/T5qCbE="],"block_size":4096,"path":"icons/disabled.bin"},{"block_hashes":["WzpEXq0Ia/C8E67fYO03p7LG5Ppb82Jc2wpBbsjFnko=","ZWHu/Gg4E3vKYU7p5lwCvwT0/BJu8UnPeiKUkWykeLw="],"block_size":4096,"path":"icons/enabled.bin"},{"block_hashes":["J8rJQNUGRTJ/wJpZM31pqt+m9LhsbeGfn4QghJ2b214=","eaCS7iOTRImHqAuA1grb6lRNF36+S8W60Gez/hKyGKQ="],"block_size":4096,"path":"icons/partial.bin"},{"block_hashes":["m7p//BVevkuwdPJOZmTvjhf2zWDQ2ATWPF7UC3EOlZE="],"block_size":4096,"path":"lib/injector.js"},{"block_hashes":["ElDn6I0Smolgdz2ljXQzIOeqgyx4R4p9XnQtQli8vcE=","9em0UQotl/DSxjjGW9aHMfPFeekXbiFCmn3GYZ2l4Qs=","8cPisqe15hRM6WnMrSVLJEWtOr3J+ewDstucM9uFre8="],"block_size":4096,"path":"lib/math_parser.js"},{"block_hashes":["cjr22BytOZe/uxIs+HbMNkASV0VKk0IqE3f3cetqx9U=","2czxGhniprG543w12ggQQy+7PCyZl8DIoGtp01hX4V8=","ZHHPt1vQxbd+9WRvAAJzEjFbHq89o1mHnRJKJ9/sDDs=","lfjfxJ7VMgo8Cvwqwvfrre6j+gcTqJroNYoyMT3pIsg=","XKH5uYF03kF7rct8xZayE9DnOmXUb5EAC7nRLdJLofg=","tRvW1alMzDAMI5PxqpOLIcue07WYxDGJ2hcYSMR1z+M=","I5VGVrT57IQTzOQyq9b3of91HKAMmUyjNrG9f+FCpIU="],"block_size":4096,"path":"lib/simple_eval.js"},{"block_hashes":["2MxPF/6veKcumJI1Qc3u9LoKfJEHeHzcTVOwxz8gRo8=","N1L8o+ktl5rxi0f/g8fCDYmfo/bqPcuQy/NITkRCYJM="],"block_size":4096,"path":"lib/viewer.css"},{"block_hashes":["nGGgKot+Q+QH81SXuMPWy9Dqo6pg8BZ/W8IR8//e1uQ=","YT806LGIpbkGTAIQh0RlrEbgw5x2UeaANejynlg05rA=","gZUmGOickDpaImwH4AIo1n6hox4zdU4Gp/6gh9cGEP4=","2K4UIY07627AG7htUFI+sw0sbdCtMW6zlL/j9qwbtTE=","ZwLFp0lJ6zMR4SxxYV7NcXFNEDgrdQDlDLWXdhboLC4=","NPW+12h9D9Q8+XdhWr4ppibZamP15FfFtPVauReTlW0=","qLpTJBa6oaqT4ol+9jxPIX1a2Kx2truUAlvP+oRRluA=","fHP4Zdph1sUz2KJ4ryHjffqv04K5FZPlFkfLS29iLhw=","QXW3FKMoOoRa4VKExSulpCIM2ShW36jbFsQOsuOQZdc="],"block_size":4096,"path":"lib/viewer.js"},{"block_hashes":["dM94wKkVwUH2Vqn84drEikQNIyjiYs93FPBs0Yib7Hk="],"block_size":4096,"path":"LICENSE.txt"},{"block_hashes":["OVNdY1Autr1rOZzf/WUR5YDUVv+JxMdbhppnlHRqP6Y=","wOgiKSS4Sp7AuwOKr4qt5SE24aHbgoW6mVwRtdHCUu4="],"block_size":4096,"path":"pages/action.html"},{"block_hashes":["aKVZ7unTDLsVQ6zVlpa6AwCSumlAhYLAIlj2aJrvrtQ=","hvHGuz///IEcTjSFfIbPwZMMFYUmsSUKE3SzD7suxFU="],"block_size":4096,"path":"pages/async_bg.js"},{"block_hashes":["a9j5TTY4L36Bvu8UHF9SqW0+8AU3Q2SRvJsGnKUGpK4="],"block_size":4096,"path":"pages/blank.html"},{"block_hashes":["47DEQpj8HBSa+/TImW+5JCeuQeRkm5NMpJWZG3hSuFU="],"block_size":4096,"path":"pages/define.js"},{"block_hashes":["m6GneAokQ1dRqfXmwmofOamDVxTg/wXTa4H5yWffwKM="],"block_size":4096,"path":"pages/loader.js"},{"block_hashes":["ZuoCORjDE7g7lZhpi7shz6CoctDGrSOvfBqPuNKNThU=","yGgBXtHlI/OVbMpaRA9lGzYWiyOusSVGVymm9lYYB+w=","LjXngZuuXkajLsEQNdFdx8vvnB6L26Y0fouJMUW/KVw=","Bf+NSfnO8ubQF4c8TBXv5pUfTDjPl2eOhrYrmOGiG3I="],"block_size":4096,"path":"pages/options.css"},{"block_hashes":["gFqrsGrw35wCjOJksiJlogyy5A4wWTlN6sctvKYYDZI=","p08FzCeIayaWl9vno+3DH8Yn0dX7Ll14XaWnpM5Og7Y=","jf23G7YgHggTT36icK8hxBELj4YImoXtkikFqPxwLU4=","MU9NRtcPzqYpeNPCghO7pKrhsiQ/HefE9AqQHQdA2zw=","WPrg4DNJedn+PovBzIIwKaRPjZPDLurcuIdV+O5DyKE=","QjSA72EcLCUDvx4AVV+SxPVJynJJpLlawtx077M8/vM=","ciIxaf/Y5nJXgWnG+d+VJG2pdXiyB0KctRId0ZeRG1E=","msbG5Z2d61wlF/yVzwW75CqltV1Dm2qhMvkh2T8TOxI=","oLw+vDbs8yKhU6Waln7z8ImwYgon1JOkr9tho07cZBQ="],"block_size":4096,"path":"pages/options.html"},{"block_hashes":["s/QhkFzD5oHiwoCIXOaJ3cRIaRX7AebPh4kknzbQkq8=","0RoHYx1o0mz0IfVAjRSI3h7/YbEh4ZLZUUSZIiNlg8E="],"block_size":4096,"path":"pages/options_action.js"},{"block_hashes":["pnc0OqLrv7igYb6ZYbpJDuKZBGA4HNybN9gRR9815D4=","oiq+AlYX+G5Y4We0d9MYRemaNPyByQ5191nZYoIyinI="],"block_size":4096,"path":"pages/options_base.js"},{"block_hashes":["fwemy/zbcqq2IzL09TIPipOv8jl+HpYWGPW8mzr7lr4=","yxpFnZpRH1YoA/Dm5WKvyWuYsjQa9PKzYRoQa183bVU="],"block_size":4096,"path":"pages/options_checker.js"},{"block_hashes":["RBN79tOmIHBHXqy29D3HRVtURy1VNwhuLD+szz9In38=","FZ0/Biq5Kw9gr3BZsjzU5/NYgsqJg0UMXz61UkRlx9A=","g+HKfOMoEGRu20t2WfMinSXwuyIKws4JxkDLYSY4Ojs=","mupxidq8RnmRMMPJEyyXyI97VF9Q8xOnVp+e2X8t2XY="],"block_size":4096,"path":"pages/options_defs.js"},{"block_hashes":["hxtMfq3IRbxpgBqCme98j/CmrflOQVOS7nD7ofOBV1M=","lRxJl7hTrvxI45GdSjGKbeJITM0Ru0wBSBSCEbslTQg=","FVc/VIDQZ9XxcBu/e+qqazwZKBoAZD3aBkKQqW/Hk58="],"block_size":4096,"path":"pages/options_ext.js"},{"block_hashes":["oP3SOwh+9M9QwanGtOXXVLQozp2YHsYFdpj8WlFjrMw=","0xdultli4vB/r7qOWgRiAKPNr1ZOMs3Svtbrvx7HkIQ="],"block_size":4096,"path":"pages/options_permissions.js"},{"block_hashes":["h0zcE+ihC3TBGj14EJATOfhkj77amaCbtt+HdGxJRBU=","HICUvm0w7HLdp74/wUo2hDo3PXW2bMin/wfnpgIDdo4=","JVcEf5M1msTkvv/0Z3VTrPXvbNNjhvnr1J0PB/u2KNM="],"block_size":4096,"path":"pages/options_wnd.js"},{"block_hashes":["vdHATKBr/QuPNGSDy0Iue6FtjCOv2TzveolvUSNABBc="],"block_size":4096,"path":"pages/show.css"},{"block_hashes":["qK9Nn5Rzle+VPBoRd75FtT9YP3Ag4AArcnEdWolOWiA="],"block_size":4096,"path":"pages/show.html"},{"block_hashes":["g/7Oyi8uIrqPWtADcCnbSans6b0oYY41Z6ULaMR45FI=","3ggwUbzZ769zxWw/d1UfER8/Byw7AVQy79LhkZ+Ug5g=","nF4mtGhiqbtQaqrpKIWCKKkEAygNhcYrgji3WH4RQzs=","UZShj6jP+lGuk+n71RmlaHP6uaILB5juHD7IDguRUHI="],"block_size":4096,"path":"pages/show.js"},{"block_hashes":["1momRjwkCEIK544476ZGUDd83q4wkTpGIrE0emjzPak=","V0Nt5N8u8zx+tsPS3dJTZElARdJNYxzpN1iOJTOJ+po=","lirq1KCH7Fo4Cr7ORmnkH7jMvIjjKh4To51ZorNwwb0="],"block_size":4096,"path":"settings-template.json"}],"version":2}